/*                           /404                          404
/unsound-hikikomori/        https://blog.newdegeneration.xyz/unsound-hikikomori   301
/templeton-episode/         https://blog.newdegeneration.xyz/templeton-episode    301
/hyperstition/              https://blog.newdegeneration.xyz/hyperstition          301
/tag/*                       https://blog.newdegeneration.xyz/tag/:splat           301
/praxis/                    https://blog.newdegeneration.xyz/praxis/              301
/latent-space                https://blog.newdegeneration.xyz/latent-space          301
/geotrauma                  https://blog.newdegeneration.xyz/geotrauma             301
/inside-AOE/                https://blog.newdegeneration.xyz/inside-the-aoe        301
/objects-all-the-way-down/  https://blog.newdegeneration.xyz/objects-all-the-way-down  301
/ballard-vacation/          https://blog.newdegeneration.xyz/ballard-vacation      301
/the-coils-of-the-serpent/  https://blog.newdegeneration.xyz/the-coils-of-the-serpent  301
/neatest-trick/             https://blog.newdegeneration.xyz/neatest-trick         301
/cyberpositive-nick-land/   https://blog.newdegeneration.xyz/cyberpositive-nick-land  301
/herzog-minessota-declaration/  https://blog.newdegeneration.xyz/herzog-minessota-declaration  301
/corona-demonology/         https://blog.newdegeneration.xyz/corona-demonology     301
/term-vs-avatar/            https://blog.newdegeneration.xyz/term-vs-avatar        301
/fisher-tva/                https://blog.newdegeneration.xyz/fisher-tva            301
/fisher-TvA/                https://blog.newdegeneration.xyz/fisher-TvA            301
/music-for-a-new-nightlife/ https://newdegeneration.xyz/work/music-for-a-new-nighlife/  301
/about                      https://blog.newdegeneration.xyz/about                301
/xenofeminism/              https://blog.newdegeneration.xyz/xenofeminism          301
/404                        https://newdegeneration.xyz/404                        404
